frame_id,timestamp,img_x,img_y,court_x,court_y,valid,confidence
0,0.0,,,,,0,0.0
1,0.03333333333333333,,,,,0,0.0
2,0.06666666666666667,,,,,0,0.0
3,0.1,,,,,0,0.0
4,0.13333333333333333,,,,,0,0.0
5,0.16666666666666666,,,,,0,0.0
6,0.2,,,,,0,0.0
7,0.23333333333333334,,,,,0,0.0
8,0.26666666666666666,,,,,0,0.0
9,0.3,,,,,0,0.0
10,0.3333333333333333,,,,,0,0.0
11,0.36666666666666664,,,,,0,0.0
12,0.4,,,,,0,0.0
13,0.43333333333333335,,,,,0,0.0
14,0.4666666666666667,,,,,0,0.0
15,0.5,,,,,0,0.0
16,0.5333333333333333,,,,,0,0.0
17,0.5666666666666667,,,,,0,0.0
18,0.6,,,,,0,0.0
19,0.6333333333333333,,,,,0,0.0
20,0.6666666666666666,,,,,0,0.0
21,0.7,,,,,0,0.0
22,0.7333333333333333,,,,,0,0.0
23,0.7666666666666667,,,,,0,0.0
24,0.8,,,,,0,0.0
25,0.8333333333333334,,,,,0,0.0
26,0.8666666666666667,,,,,0,0.0
27,0.9,,,,,0,0.0
28,0.9333333333333333,,,,,0,0.0
29,0.9666666666666667,,,,,0,0.0
30,1.0,,,,,0,0.0
31,1.0333333333333334,,,,,0,0.0
32,1.0666666666666667,,,,,0,0.0
33,1.1,,,,,0,0.0
34,1.1333333333333333,,,,,0,0.0
35,1.1666666666666667,,,,,0,0.0
36,1.2,,,,,0,0.0
37,1.2333333333333334,,,,,0,0.0
38,1.2666666666666666,,,,,0,0.0
39,1.3,,,,,0,0.0
40,1.3333333333333333,,,,,0,0.0
41,1.3666666666666667,,,,,0,0.0
42,1.4,,,,,0,0.0
43,1.4333333333333333,,,,,0,0.0
44,1.4666666666666666,,,,,0,0.0
45,1.5,,,,,0,0.0
46,1.5333333333333334,,,,,0,0.0
47,1.5666666666666667,,,,,0,0.0
48,1.6,,,,,0,0.0
49,1.6333333333333333,,,,,0,0.0
50,1.6666666666666667,,,,,0,0.0
51,1.7,,,,,0,0.0
52,1.7333333333333334,,,,,0,0.0
53,1.7666666666666666,,,,,0,0.0
54,1.8,,,,,0,0.0
55,1.8333333333333333,,,,,0,0.0
56,1.8666666666666667,,,,,0,0.0
57,1.9,,,,,0,0.0
58,1.9333333333333333,,,,,0,0.0
59,1.9666666666666666,,,,,0,0.0
60,2.0,,,,,0,0.0
61,2.033333333333333,,,,,0,0.0
62,2.066666666666667,,,,,0,0.0
63,2.1,,,,,0,0.0
64,2.1333333333333333,,,,,0,0.0
65,2.1666666666666665,,,,,0,0.0
66,2.2,,,,,0,0.0
67,2.2333333333333334,,,,,0,0.0
68,2.2666666666666666,,,,,0,0.0
69,2.3,,,,,0,0.0
70,2.3333333333333335,,,,,0,0.0
71,2.3666666666666667,,,,,0,0.0
72,2.4,,,,,0,0.0
73,2.433333333333333,,,,,0,0.0
74,2.466666666666667,,,,,0,0.0
75,2.5,,,,,0,0.0
76,2.533333333333333,,,,,0,0.0
77,2.566666666666667,,,,,0,0.0
78,2.6,,,,,0,0.0
79,2.6333333333333333,,,,,0,0.0
80,2.6666666666666665,,,,,0,0.0
81,2.7,,,,,0,0.0
82,2.7333333333333334,,,,,0,0.0
83,2.7666666666666666,,,,,0,0.0
84,2.8,,,,,0,0.0
85,2.8333333333333335,,,,,0,0.0
86,2.8666666666666667,1160.0,577.0,0.7030841708183289,0.6728505492210388,1,1.0
87,2.9,1160.0,578.0,0.7028926014900208,0.6746049523353577,1,1.0
88,2.933333333333333,1156.0,553.0,0.7037032246589661,0.6296192407608032,1,1.0
89,2.966666666666667,1154.0,532.0,0.7058472037315369,0.5898873209953308,1,1.0
90,3.0,1151.0,513.0,0.706598162651062,0.5523080825805664,1,1.0
91,3.033333333333333,1147.0,495.0,0.7060720324516296,0.5151800513267517,1,1.0
92,3.066666666666667,1143.0,482.0,0.7044425010681152,0.48738813400268555,1,1.0
93,3.1,1143.0,482.0,0.7044425010681152,0.48738813400268555,1,1.0
94,3.1333333333333333,1139.0,468.0,0.7029786109924316,0.4564860463142395,1,1.0
95,3.1666666666666665,1136.0,456.0,0.7021757960319519,0.42915746569633484,1,1.0
96,3.2,1132.0,447.0,0.69952791929245,0.40813663601875305,1,1.0
97,3.2333333333333334,1127.0,439.0,0.6954318881034851,0.38906019926071167,1,1.0
98,3.2666666666666666,1126.0,433.0,0.6955523490905762,0.374492347240448,1,1.0
99,3.3,1124.0,434.0,0.6929774284362793,0.37694236636161804,1,1.0
100,3.3333333333333335,1120.0,428.0,0.6895158290863037,0.3621998131275177,1,1.0
101,3.3666666666666667,1117.0,424.0,0.6867806911468506,0.35224735736846924,1,1.0
102,3.4,1112.0,425.0,0.6806088089942932,0.35476213693618774,1,1.0
103,3.433333333333333,1109.0,426.0,0.6768347024917603,0.35726481676101685,1,1.0
104,3.466666666666667,1105.0,429.0,0.6715031862258911,0.36472055315971375,1,1.0
105,3.5,1105.0,430.0,0.6713155508041382,0.36718931794166565,1,1.0
106,3.533333333333333,1102.0,434.0,0.6670308709144592,0.37701216340065,1,1.0
107,3.566666666666667,1097.0,439.0,0.660269021987915,0.3891582787036896,1,1.0
108,3.6,1094.0,448.0,0.6552631258964539,0.41062745451927185,1,1.0
109,3.6333333333333333,1089.0,458.0,0.647919774055481,0.4339393377304077,1,1.0
110,3.6666666666666665,1084.0,470.0,0.6404680013656616,0.46117621660232544,1,1.0
111,3.7,1084.0,470.0,0.6404680013656616,0.46117621660232544,1,1.0
112,3.7333333333333334,1073.0,463.0,0.6289392113685608,0.445435106754303,1,1.0
113,3.7666666666666666,1051.0,439.0,0.6063130497932434,0.38930875062942505,1,1.0
114,3.8,1029.0,420.0,0.5819023251533508,0.34243834018707275,1,1.0
115,3.8333333333333335,1009.0,410.0,0.5583106279373169,0.3168610632419586,1,1.0
116,3.8666666666666667,987.0,399.0,0.5316353440284729,0.2879406213760376,1,1.0
117,3.9,989.0,399.0,0.5341081619262695,0.2879357635974884,1,1.0
118,3.933333333333333,970.0,393.0,0.5105207562446594,0.2718178331851959,1,1.0
119,3.966666666666667,951.0,389.0,0.4866420030593872,0.26094019412994385,1,1.0
120,4.0,934.0,389.0,0.46467387676239014,0.26110783219337463,1,1.0
121,4.033333333333333,917.0,390.0,0.4434228539466858,0.263886421918869,1,1.0
122,4.066666666666666,901.0,391.0,0.42347419261932373,0.2666565775871277,1,1.0
123,4.1,901.0,391.0,0.42347419261932373,0.2666565775871277,1,1.0
124,4.133333333333334,883.0,394.0,0.4013904929161072,0.27486371994018555,1,1.0
125,4.166666666666667,866.0,393.0,0.3799613416194916,0.2721841037273407,1,1.0
126,4.2,858.0,362.0,0.3633762001991272,0.18426057696342468,1,1.0
127,4.233333333333333,849.0,331.0,0.34393906593322754,0.08844857662916183,1,1.0
128,4.266666666666667,841.0,309.0,0.3267792761325836,0.0150637561455369,1,1.0
129,4.3,841.0,310.0,0.3270721137523651,0.018503835424780846,1,1.0
130,4.333333333333333,830.0,285.0,0.3034009337425232,-0.07071094959974289,1,1.0
131,4.366666666666666,823.0,268.0,0.2869471609592438,-0.13543938100337982,1,1.0
132,4.4,813.0,249.0,0.2640979290008545,-0.2120734602212906,1,1.0
133,4.433333333333334,805.0,235.0,0.24532409012317657,-0.27168288826942444,1,1.0
134,4.466666666666667,796.0,222.0,0.22453203797340393,-0.32961830496788025,1,1.0
135,4.5,796.0,223.0,0.22504375874996185,-0.3250734806060791,1,1.0
136,4.533333333333333,792.0,215.0,0.2143344283103943,-0.3618984520435333,1,1.0
137,4.566666666666666,794.0,227.0,0.2238575667142868,-0.30705904960632324,1,1.0
138,4.6,795.0,236.0,0.22995661199092865,-0.2673804759979248,1,1.0
139,4.633333333333334,797.0,250.0,0.23977415263652802,-0.20798195898532867,1,1.0
140,4.666666666666667,800.0,264.0,0.2506636381149292,-0.15124446153640747,1,1.0
141,4.7,800.0,264.0,0.2506636381149292,-0.15124446153640747,1,1.0
142,4.733333333333333,802.0,279.0,0.26000842452049255,-0.09321574866771698,1,1.0
143,4.766666666666667,803.0,297.0,0.2686486840248108,-0.02707855775952339,1,1.0
144,4.8,805.0,316.0,0.27858853340148926,0.03891672194004059,1,1.0
145,4.833333333333333,809.0,339.0,0.2920295000076294,0.11400840431451797,1,1.0
146,4.866666666666666,813.0,361.0,0.3043113648891449,0.18135301768779755,1,1.0
147,4.9,813.0,362.0,0.3046143352985382,0.18431685864925385,1,1.0
148,4.933333333333334,817.0,387.0,0.31697550415992737,0.2558301091194153,1,1.0
149,4.966666666666667,819.0,416.0,0.3271084129810333,0.33302173018455505,1,1.0
150,5.0,824.0,444.0,0.3407440781593323,0.4028465151786804,1,1.0
151,5.033333333333333,827.0,475.0,0.35089367628097534,0.4741846024990082,1,1.0
152,5.066666666666666,833.0,510.0,0.36431360244750977,0.5486056208610535,1,1.0
153,5.1,834.0,512.0,0.3657580018043518,0.5526747703552246,1,1.0
154,5.133333333333334,838.0,547.0,0.3759785294532776,0.6210364103317261,1,1.0
155,5.166666666666667,844.0,587.0,0.3881550431251526,0.6929677128791809,1,1.0
156,5.2,848.0,625.0,0.39718061685562134,0.7558985352516174,1,1.0
157,5.233333333333333,853.0,641.0,0.4038958251476288,0.7809467315673828,1,1.0
158,5.266666666666667,858.0,641.0,0.40860024094581604,0.7809172868728638,1,1.0
159,5.3,859.0,640.0,0.409427672624588,0.7793676257133484,1,1.0
160,5.333333333333333,865.0,643.0,0.4154006242752075,0.7839543223381042,1,1.0
161,5.366666666666666,871.0,650.0,0.4217398166656494,0.7945964932441711,1,1.0
162,5.4,876.0,658.0,0.4271596074104309,0.8065897226333618,1,1.0
163,5.433333333333334,883.0,667.0,0.43441587686538696,0.8198494911193848,1,1.0
164,5.466666666666667,891.0,683.0,0.44299423694610596,0.8428815007209778,1,1.0
165,5.5,890.0,682.0,0.4420141875743866,0.8414658904075623,1,1.0
166,5.533333333333333,895.0,695.0,0.4474725127220154,0.8597080707550049,1,1.0
167,5.566666666666666,900.0,710.0,0.4529288411140442,0.8802096247673035,1,1.0
168,5.6,937.0,645.0,0.48303404450416565,0.786594808101654,1,1.0
169,5.633333333333334,,,,,0,0.0
170,5.666666666666667,984.0,556.0,0.5273787379264832,0.6370420455932617,1,1.0
171,5.7,983.0,558.0,0.52634596824646,0.6407187581062317,1,1.0
172,5.733333333333333,1006.0,517.0,0.551129937171936,0.5620061755180359,1,1.0
173,5.766666666666667,1026.0,486.0,0.5743463635444641,0.49745628237724304,1,1.0
174,5.8,1045.0,460.0,0.5977058410644531,0.4395802617073059,1,1.0
175,5.833333333333333,1061.0,435.0,0.6189172863960266,0.380402535200119,1,1.0
176,5.866666666666666,1077.0,415.0,0.640731930732727,0.33032968640327454,1,1.0
177,5.9,1076.0,415.0,0.6395227313041687,0.33033207058906555,1,1.0
178,5.933333333333334,1091.0,397.0,0.6608446836471558,0.2830278277397156,1,1.0
179,5.966666666666667,1103.0,384.0,0.6783462762832642,0.2474549263715744,1,1.0
180,6.0,1116.0,373.0,0.6972683072090149,0.21637842059135437,1,1.0
181,6.033333333333333,1126.0,364.0,0.7123488187789917,0.19026096165180206,1,1.0
182,6.066666666666666,1138.0,357.0,0.7298439741134644,0.1694982498884201,1,1.0
183,6.1,1137.0,358.0,0.7282546758651733,0.17248819768428802,1,1.0
184,6.133333333333334,1147.0,351.0,0.7434176802635193,0.15138329565525055,1,1.0
185,6.166666666666667,1157.0,347.0,0.7578812837600708,0.1391381323337555,1,1.0
186,6.2,1164.0,347.0,0.767135500907898,0.1391366422176361,1,1.0
187,6.233333333333333,1172.0,347.0,0.7777097225189209,0.13913492858409882,1,1.0
188,6.266666666666667,1180.0,347.0,0.7882817983627319,0.13913322985172272,1,1.0
189,6.3,1180.0,349.0,0.787537693977356,0.14526939392089844,1,1.0
190,6.333333333333333,1186.0,348.0,0.7958258390426636,0.14220412075519562,1,1.0
191,6.366666666666666,1195.0,355.0,0.8049271702766418,0.16346535086631775,1,1.0
192,6.4,1201.0,359.0,0.8111612200737,0.17542707920074463,1,1.0
193,6.433333333333334,1204.0,340.0,0.8229374885559082,0.11738346517086029,1,1.0
194,6.466666666666667,1208.0,323.0,0.8358234763145447,0.06273342669010162,1,1.0
195,6.5,1209.0,322.0,0.8376477360725403,0.05943518131971359,1,1.0
196,6.533333333333333,1212.0,307.0,0.8488757014274597,0.008774612098932266,1,1.0
197,6.566666666666666,1215.0,292.0,0.8606160879135132,-0.04419809207320213,1,1.0
198,6.6,1220.0,277.0,0.8758322596549988,-0.09963872283697128,1,1.0
199,6.633333333333334,1223.0,265.0,0.8870345950126648,-0.14589251577854156,1,1.0
200,6.666666666666667,1226.0,256.0,0.896854817867279,-0.18175150454044342,1,1.0
201,6.7,1226.0,256.0,0.896854817867279,-0.18175150454044342,1,1.0
202,6.733333333333333,1231.0,248.0,0.9094009399414062,-0.21449704468250275,1,1.0
203,6.766666666666667,1234.0,238.0,0.9204881191253662,-0.25666359066963196,1,1.0
204,6.8,1235.0,235.0,0.9240427017211914,-0.2695866525173187,1,1.0
205,6.833333333333333,1238.0,229.0,0.9328403472900391,-0.2958172857761383,1,1.0
206,6.866666666666666,1243.0,224.0,0.944293200969696,-0.31806623935699463,1,1.0
207,6.9,1242.0,224.0,0.9426991939544678,-0.31807294487953186,1,1.0
208,6.933333333333334,1243.0,222.0,0.9457298517227173,-0.32708483934402466,1,1.0
209,6.966666666666667,,,,,0,0.0
210,7.0,,,,,0,0.0
211,7.033333333333333,,,,,0,0.0
212,7.066666666666666,,,,,0,0.0
213,7.1,,,,,0,0.0
214,7.133333333333334,,,,,0,0.0
215,7.166666666666667,,,,,0,0.0
216,7.2,,,,,0,0.0
217,7.233333333333333,,,,,0,0.0
218,7.266666666666667,1198.0,236.0,0.8649467825889587,-0.26495295763015747,1,1.0
219,7.3,1201.0,239.0,0.8679150342941284,-0.25208866596221924,1,1.0
220,7.333333333333333,1190.0,244.0,0.8481118679046631,-0.2309885025024414,1,1.0
221,7.366666666666666,1185.0,250.0,0.8372985124588013,-0.2060859203338623,1,1.0
222,7.4,1178.0,256.0,0.8236646056175232,-0.18166610598564148,1,1.0
223,7.433333333333334,1171.0,263.0,0.8098308444023132,-0.1537565141916275,1,1.0
224,7.466666666666667,1162.0,273.0,0.7920641899108887,-0.11493567377328873,1,1.0
225,7.5,1163.0,273.0,0.7935384511947632,-0.11493366211652756,1,1.0
226,7.533333333333333,1154.0,279.0,0.7778683304786682,-0.09222114086151123,1,1.0
227,7.566666666666666,1143.0,290.0,0.7577786445617676,-0.05164118856191635,1,1.0
228,7.6,1136.0,301.0,0.7440004944801331,-0.012386230751872063,1,1.0
229,7.633333333333334,1127.0,312.0,0.7278855443000793,0.025600800290703773,1,1.0
230,7.666666666666667,1118.0,325.0,0.7117316126823425,0.0689447745680809,1,1.0
231,7.7,1118.0,325.0,0.7117316126823425,0.0689447745680809,1,1.0
232,7.733333333333333,1106.0,339.0,0.6919094920158386,0.11384618282318115,1,1.0
233,7.766666666666667,1094.0,354.0,0.672645092010498,0.16002841293811798,1,1.0
234,7.8,1085.0,370.0,0.6578307747840881,0.20722033083438873,1,1.0
235,7.833333333333333,1075.0,383.0,0.6428706645965576,0.24409037828445435,1,1.0
236,7.866666666666666,1061.0,404.0,0.6224076151847839,0.30102837085723877,1,1.0
237,7.9,1060.0,406.0,0.6209243535995483,0.3062893748283386,1,1.0
238,7.933333333333334,1048.0,422.0,0.6045332551002502,0.34743067622184753,1,1.0
239,7.966666666666667,1037.0,442.0,0.5896305441856384,0.3965640962123871,1,1.0
240,8.0,1024.0,462.0,0.5739407539367676,0.44321268796920776,1,1.0
241,8.033333333333333,1010.0,487.0,0.5570583343505859,0.49856728315353394,1,1.0
242,8.066666666666666,997.0,511.0,0.5422284603118896,0.5487405061721802,1,1.0
243,8.1,997.0,511.0,0.5422284603118896,0.5487405061721802,1,1.0
244,8.133333333333333,984.0,535.0,0.5281879305839539,0.5962434411048889,1,1.0
245,8.166666666666666,969.0,562.0,0.5128785967826843,0.6467515230178833,1,1.0
246,8.2,955.0,589.0,0.49942129850387573,0.6944024562835693,1,1.0
247,8.233333333333333,940.0,614.0,0.4856615662574768,0.7361931800842285,1,1.0
248,8.266666666666667,925.0,646.0,0.4729536771774292,0.7866570353507996,1,1.0
249,8.3,925.0,645.0,0.4729014039039612,0.785130500793457,1,1.0
250,8.333333333333334,915.0,651.0,0.4639405608177185,0.79429030418396,1,1.0
251,8.366666666666667,904.0,644.0,0.45323890447616577,0.7836961150169373,1,1.0
252,8.4,894.0,641.0,0.4436544179916382,0.7791339159011841,1,1.0
253,8.433333333333334,884.0,638.0,0.4340111017227173,0.7745437026023865,1,1.0
254,8.466666666666667,872.0,636.0,0.4225262403488159,0.7714918255805969,1,1.0
255,8.5,873.0,636.0,0.42346811294555664,0.7714873552322388,1,1.0
256,8.533333333333333,862.0,636.0,0.4131070077419281,0.7715367078781128,1,1.0
257,8.566666666666666,850.0,638.0,0.4020497500896454,0.7746967077255249,1,1.0
258,8.6,839.0,643.0,0.39237213134765625,0.7824578285217285,1,1.0
259,8.633333333333333,827.0,649.0,0.38199976086616516,0.7916659712791443,1,1.0
260,8.666666666666666,816.0,655.0,0.37267303466796875,0.800762414932251,1,1.0
261,8.7,816.0,655.0,0.37267303466796875,0.800762414932251,1,1.0
262,8.733333333333333,812.0,608.0,0.36138343811035156,0.7269234657287598,1,1.0
263,8.766666666666667,811.0,557.0,0.351246178150177,0.6382403373718262,1,1.0
264,8.8,809.0,511.0,0.33990347385406494,0.5493689775466919,1,1.0
265,8.833333333333334,808.0,474.0,0.3305593430995941,0.470786452293396,1,1.0
266,8.866666666666667,805.0,445.0,0.32005223631858826,0.4041632115840912,1,1.0
267,8.9,805.0,445.0,0.32005223631858826,0.4041632115840912,1,1.0
268,8.933333333333334,803.0,419.0,0.3107994496822357,0.3402222990989685,1,1.0
269,8.966666666666667,802.0,395.0,0.3027462065219879,0.2772991955280304,1,1.0
270,9.0,800.0,380.0,0.2963467836380005,0.2385191023349762,1,1.0
271,9.033333333333333,796.0,367.0,0.2869814336299896,0.2010696530342102,1,1.0
272,9.066666666666666,793.0,355.0,0.2789410650730133,0.16527090966701508,1,1.0
273,9.1,794.0,357.0,0.28095629811286926,0.17131903767585754,1,1.0
274,9.133333333333333,791.0,348.0,0.2737908363342285,0.14382125437259674,1,1.0
275,9.166666666666666,787.0,342.0,0.266228049993515,0.12510153651237488,1,1.0
276,9.2,783.0,338.0,0.2593138515949249,0.1124458983540535,1,1.0
277,9.233333333333333,781.0,335.0,0.2554299235343933,0.10285186022520065,1,1.0
278,9.266666666666667,778.0,336.0,0.25176677107810974,0.10607627034187317,1,1.0
279,9.3,778.0,336.0,0.25176677107810974,0.10607627034187317,1,1.0
280,9.333333333333334,775.0,337.0,0.2481139749288559,0.10929159075021744,1,1.0
281,9.366666666666667,774.0,338.0,0.24717041850090027,0.11248841136693954,1,1.0
282,9.4,769.0,319.0,0.23227429389953613,0.050229717046022415,1,1.0
283,9.433333333333334,770.0,298.0,0.22414661943912506,-0.02285015396773815,1,1.0
284,9.466666666666667,767.0,280.0,0.21106472611427307,-0.08934806287288666,1,1.0
285,9.5,768.0,282.0,0.2135346233844757,-0.08177392929792404,1,1.0
286,9.533333333333333,765.0,266.0,0.20086441934108734,-0.143753319978714,1,1.0
287,9.566666666666666,763.0,252.0,0.19019027054309845,-0.2006859928369522,1,1.0
288,9.6,761.0,241.0,0.1807754933834076,-0.24730895459651947,1,1.0
289,9.633333333333333,758.0,230.0,0.16940218210220337,-0.29570022225379944,1,1.0
290,9.666666666666666,757.0,220.0,0.1614972949028015,-0.34130942821502686,1,1.0
291,9.7,755.0,221.0,0.1588832288980484,-0.336681067943573,1,1.0
292,9.733333333333333,757.0,218.0,0.16021011769771576,-0.3506231904029846,1,1.0
293,9.766666666666667,761.0,221.0,0.16864539682865143,-0.33666864037513733,1,1.0
294,9.8,763.0,230.0,0.17741024494171143,-0.2956935167312622,1,1.0
295,9.833333333333334,768.0,236.0,0.18891526758670807,-0.26907238364219666,1,1.0
296,9.866666666666667,,,,,0,0.0
297,9.9,,,,,0,0.0
298,9.933333333333334,,,,,0,0.0
299,9.966666666666667,,,,,0,0.0
300,10.0,,,,,0,0.0
301,10.033333333333333,788.0,309.0,0.25337135791778564,0.014863361604511738,1,1.0
302,10.066666666666666,792.0,326.0,0.26558175683021545,0.07214037328958511,1,1.0
303,10.1,793.0,329.0,0.2680767774581909,0.08195438235998154,1,1.0
304,10.133333333333333,796.0,347.0,0.27859625220298767,0.1390824019908905,1,1.0
305,10.166666666666666,800.0,374.0,0.2927637994289398,0.21951313316822052,1,1.0
306,10.2,805.0,402.0,0.3074488937854767,0.2968932092189789,1,1.0
307,10.233333333333333,808.0,430.0,0.31870344281196594,0.368784636259079,1,1.0
308,10.266666666666667,812.0,463.0,0.3315158784389496,0.4472270905971527,1,1.0
309,10.3,812.0,462.0,0.3312818109989166,0.44494229555130005,1,1.0
310,10.333333333333334,818.0,493.0,0.34491533041000366,0.5132573843002319,1,1.0
311,10.366666666666667,,,,,0,0.0
312,10.4,,,,,0,0.0
313,10.433333333333334,830.0,503.0,0.3600984513759613,0.5342040061950684,1,1.0
314,10.466666666666667,835.0,486.0,0.36237818002700806,0.49819958209991455,1,1.0
315,10.5,836.0,487.0,0.3636816442012787,0.5003523826599121,1,1.0
316,10.533333333333333,840.0,470.0,0.3649427890777588,0.46296945214271545,1,1.0
317,10.566666666666666,844.0,454.0,0.36645013093948364,0.42636266350746155,1,1.0
318,10.6,847.0,441.0,0.36742496490478516,0.39554691314697266,1,1.0
319,10.633333333333333,851.0,430.0,0.37001800537109375,0.3686787188053131,1,1.0
320,10.666666666666666,854.0,421.0,0.3718646764755249,0.34613582491874695,1,1.0
321,10.7,854.0,421.0,0.3718646764755249,0.34613582491874695,1,1.0
322,10.733333333333333,857.0,414.0,0.37414202094078064,0.32824015617370605,1,1.0
323,10.766666666666667,861.0,413.0,0.37882325053215027,0.32565030455589294,1,1.0
324,10.8,863.0,432.0,0.38468071818351746,0.37358710169792175,1,1.0
325,10.833333333333334,865.0,449.0,0.3899334669113159,0.41456839442253113,1,1.0
326,10.866666666666667,867.0,470.0,0.39559105038642883,0.46287569403648376,1,1.0
327,10.9,866.0,468.0,0.3941437602043152,0.45838335156440735,1,1.0
328,10.933333333333334,868.0,483.0,0.39868608117103577,0.4915749430656433,1,1.0
329,10.966666666666667,871.0,468.0,0.39983102679252625,0.4583662152290344,1,1.0
330,11.0,872.0,456.0,0.3985147178173065,0.43010467290878296,1,1.0
331,11.033333333333333,873.0,446.0,0.3981556296348572,0.4066532254219055,1,1.0
332,11.066666666666666,874.0,436.0,0.39778757095336914,0.3826160430908203,1,1.0
333,11.1,874.0,435.0,0.3976319432258606,0.38017958402633667,1,1.0
334,11.133333333333333,877.0,427.0,0.3999585807323456,0.3604569733142853,1,1.0
335,11.166666666666666,878.0,421.0,0.4002290666103363,0.3454056978225708,1,1.0
336,11.2,879.0,415.0,0.4005037248134613,0.33012285828590393,1,1.0
337,11.233333333333333,880.0,414.0,0.4015626013278961,0.3275505304336548,1,1.0
338,11.266666666666667,880.0,407.0,0.40046781301498413,0.30937716364860535,1,1.0
339,11.3,,,,,0,0.0
340,11.333333333333334,,,,,0,0.0
341,11.366666666666667,,,,,0,0.0
342,11.4,872.0,418.0,0.39250659942626953,0.3378120958805084,1,1.0
343,11.433333333333334,868.0,416.0,0.3873247802257538,0.33271676301956177,1,1.0
344,11.466666666666667,865.0,416.0,0.38368746638298035,0.3327251970767975,1,1.0
345,11.5,863.0,417.0,0.3814429044723511,0.33528757095336914,1,1.0
346,11.533333333333333,860.0,420.0,0.3783623278141022,0.3429274260997772,1,1.0
347,11.566666666666666,857.0,426.0,0.3758627772331238,0.35802528262138367,1,1.0
348,11.6,857.0,427.0,0.3760477304458618,0.3605178892612457,1,1.0
349,11.633333333333333,853.0,434.0,0.37258827686309814,0.3778039216995239,1,1.0
350,11.666666666666666,851.0,443.0,0.37191230058670044,0.3995795249938965,1,1.0
351,11.7,848.0,452.0,0.37009191513061523,0.420879065990448,1,1.0
352,11.733333333333333,845.0,466.0,0.3692381680011749,0.4530894458293915,1,1.0
353,11.766666666666667,844.0,475.0,0.3697513937950134,0.4732256829738617,1,1.0
354,11.8,,,,,0,0.0
355,11.833333333333334,899.0,445.0,0.4283830225467682,0.40418824553489685,1,1.0
356,11.866666666666667,944.0,426.0,0.4799381494522095,0.35776230692863464,1,1.0
357,11.9,978.0,410.0,0.5205298662185669,0.31694385409355164,1,1.0
358,11.933333333333334,1010.0,397.0,0.5601662993431091,0.2825273275375366,1,1.0
359,11.966666666666667,1038.0,389.0,0.5956222414970398,0.26075154542922974,1,1.0
360,12.0,1036.0,388.0,0.598000168800354,0.25331270694732666,1,1.0
361,12.033333333333333,1061.0,383.0,0.6294595003128052,0.2400696575641632,1,1.0
362,12.066666666666666,1078.0,380.0,0.6509892344474792,0.23209135234355927,1,1.0
363,12.1,1097.0,379.0,0.6747329831123352,0.2296953648328781,1,1.0
364,12.133333333333333,1110.0,380.0,0.6906086802482605,0.23274824023246765,1,1.0
365,12.166666666666666,1125.0,382.0,0.7086408138275146,0.23859845101833344,1,1.0
366,12.2,1125.0,381.0,0.7088941335678101,0.23583073914051056,1,1.0
367,12.233333333333333,1138.0,386.0,0.7235580086708069,0.24985185265541077,1,1.0
368,12.266666666666667,1148.0,392.0,0.7340855002403259,0.26631003618240356,1,1.0
369,12.3,1154.0,398.0,0.7396256327629089,0.28242555260658264,1,1.0
370,12.333333333333334,1163.0,385.0,0.7544505596160889,0.24761025607585907,1,1.0
371,12.366666666666667,1175.0,355.0,0.7794980406761169,0.16237179934978485,1,1.0
372,12.4,1174.0,357.0,0.7775105237960815,0.16826672852039337,1,1.0
373,12.433333333333334,1186.0,327.0,0.8045400381088257,0.07624613493680954,1,1.0
374,12.466666666666667,1191.0,308.0,0.8193522095680237,0.013709154911339283,1,1.0
375,12.5,1200.0,286.0,0.8420752882957458,-0.06309038400650024,1,1.0
376,12.533333333333333,1210.0,269.0,0.8650787472724915,-0.12590348720550537,1,1.0
377,12.566666666666666,1216.0,248.0,0.8857738375663757,-0.20847822725772858,1,1.0
378,12.6,1216.0,250.0,0.884589672088623,-0.20034939050674438,1,1.0
379,12.633333333333333,1221.0,235.0,0.9012517333030701,-0.2623886466026306,1,1.0
380,12.666666666666666,1225.0,223.0,0.9151834845542908,-0.3142618238925934,1,1.0
381,12.7,1233.0,212.0,0.9352819919586182,-0.3634401261806488,1,1.0
382,12.733333333333333,1238.0,201.0,0.9513273239135742,-0.4146500825881958,1,1.0
383,12.766666666666667,1244.0,190.0,0.9696300029754639,-0.4677858054637909,1,1.0
384,12.8,,,,,0,0.0
385,12.833333333333334,1249.0,186.0,0.9810999631881714,-0.4874437153339386,1,1.0
386,12.866666666666667,1254.0,179.0,0.995317280292511,-0.5227564573287964,1,1.0
387,12.9,1256.0,176.0,1.001280665397644,-0.5381717085838318,1,1.0
388,12.933333333333334,1261.0,175.0,1.010547399520874,-0.543056309223175,1,1.0
389,12.966666666666667,1266.0,173.0,1.0207645893096924,-0.5532110929489136,1,1.0
390,13.0,1266.0,173.0,1.0207645893096924,-0.5532110929489136,1,1.0
391,13.033333333333333,1268.0,174.0,1.0231995582580566,-0.5478214025497437,1,1.0
392,13.066666666666666,1271.0,175.0,1.0272995233535767,-0.5423855185508728,1,1.0
393,13.1,1274.0,176.0,1.0313833951950073,-0.5369712114334106,1,1.0
394,13.133333333333333,1266.0,172.0,1.0216891765594482,-0.5584852695465088,1,1.0
395,13.166666666666666,,,,,0,0.0
396,13.2,,,,,0,0.0
397,13.233333333333333,,,,,0,0.0
398,13.266666666666667,,,,,0,0.0
399,13.3,1203.0,158.0,0.9257614612579346,-0.6390963196754456,1,1.0
400,13.333333333333334,1188.0,156.0,0.9010974168777466,-0.6514596343040466,1,1.0
401,13.366666666666667,1174.0,157.0,0.8759135007858276,-0.6468775868415833,1,1.0
402,13.4,1174.0,157.0,0.8759135007858276,-0.6468775868415833,1,1.0
403,13.433333333333334,1158.0,158.0,0.8472932577133179,-0.6424559354782104,1,1.0
404,13.466666666666667,1141.0,165.0,0.8136285543441772,-0.6048952341079712,1,1.0
405,13.5,1126.0,170.0,0.7851855158805847,-0.5788261890411377,1,1.0
406,13.533333333333333,1111.0,179.0,0.7554787397384644,-0.5322088599205017,1,1.0
407,13.566666666666666,1094.0,189.0,0.7229961156845093,-0.4821259081363678,1,1.0
408,13.6,1094.0,188.0,0.7233641147613525,-0.4871642291545868,1,1.0
409,13.633333333333333,1076.0,199.0,0.6899757981300354,-0.43379485607147217,1,1.0
410,13.666666666666666,1063.0,212.0,0.6653335094451904,-0.37277135252952576,1,1.0
411,13.7,1044.0,228.0,0.6317676305770874,-0.30139288306236267,1,1.0
412,13.733333333333333,1027.0,245.0,0.602817952632904,-0.22938385605812073,1,1.0
413,13.766666666666667,1012.0,264.0,0.5781712532043457,-0.15322968363761902,1,1.0
414,13.8,1014.0,264.0,0.5811219811439514,-0.1531471610069275,1,1.0
415,13.833333333333334,995.0,286.0,0.5519228577613831,-0.07048789411783218,1,1.0
416,13.866666666666667,980.0,310.0,0.5300934314727783,0.01384474616497755,1,1.0
417,13.9,962.0,337.0,0.505803108215332,0.10188621282577515,1,1.0
418,13.933333333333334,944.0,366.0,0.4833863079547882,0.18933404982089996,1,1.0
419,13.966666666666667,931.0,394.0,0.4687351882457733,0.26758474111557007,1,1.0
420,14.0,932.0,393.0,0.46929651498794556,0.2647736668586731,1,1.0
421,14.033333333333333,913.0,425.0,0.44929438829421997,0.34738510847091675,1,1.0
422,14.066666666666666,896.0,461.0,0.4336293637752533,0.4327799379825592,1,1.0
423,14.1,880.0,495.0,0.4200936257839203,0.5069002509117126,1,1.0
424,14.133333333333333,865.0,536.0,0.40963035821914673,0.5888788104057312,1,1.0
425,14.166666666666666,849.0,577.0,0.39907270669937134,0.6637314558029175,1,1.0
426,14.2,850.0,574.0,0.3996420204639435,0.6584760546684265,1,1.0
427,14.233333333333333,835.0,619.0,0.39146697521209717,0.7339417934417725,1,1.0
428,14.266666666666667,816.0,668.0,0.3809315860271454,0.8086570501327515,1,1.0
429,14.3,805.0,703.0,0.37627726793289185,0.8578113317489624,1,1.0
430,14.333333333333334,790.0,691.0,0.36099544167518616,0.8414881229400635,1,1.0
431,14.366666666666667,776.0,676.0,0.3456999361515045,0.8204841613769531,1,1.0
432,14.4,778.0,678.0,0.3478873670101166,0.823320209980011,1,1.0
433,14.433333333333334,764.0,669.0,0.33337917923927307,0.8105055093765259,1,1.0
434,14.466666666666667,750.0,660.0,0.31859731674194336,0.7974491119384766,1,1.0
435,14.5,738.0,653.0,0.3058664798736572,0.7871302962303162,1,1.0
436,14.533333333333333,723.0,650.0,0.29109418392181396,0.7827281951904297,1,1.0
437,14.566666666666666,710.0,649.0,0.27861738204956055,0.7813081741333008,1,1.0
438,14.6,710.0,649.0,0.27861738204956055,0.7813081741333008,1,1.0
439,14.633333333333333,696.0,649.0,0.2654303312301636,0.7814033031463623,1,1.0
440,14.666666666666666,682.0,650.0,0.2525126338005066,0.783008873462677,1,1.0
441,14.7,673.0,633.0,0.23898693919181824,0.7569682598114014,1,1.0
442,14.733333333333333,680.0,578.0,0.2285287082195282,0.665924608707428,1,1.0
443,14.766666666666667,683.0,535.0,0.21681047976016998,0.5868727564811707,1,1.0
444,14.8,684.0,536.0,0.2182358056306839,0.5887988209724426,1,1.0
445,14.833333333333334,688.0,496.0,0.20769567787647247,0.508228063583374,1,1.0
446,14.866666666666667,694.0,467.0,0.2029930055141449,0.4449045658111572,1,1.0
447,14.9,697.0,445.0,0.1973540484905243,0.3937835395336151,1,1.0
448,14.933333333333334,704.0,424.0,0.1967209130525589,0.3423318564891815,1,1.0
449,14.966666666666667,706.0,411.0,0.19341610372066498,0.30903828144073486,1,1.0
450,15.0,704.0,410.0,0.18980681896209717,0.3053015172481537,1,1.0
451,15.033333333333333,712.0,395.0,0.192976176738739,0.26491042971611023,1,1.0
452,15.066666666666666,715.0,385.0,0.19223004579544067,0.23704813420772552,1,1.0
453,15.1,718.0,376.0,0.1919223964214325,0.21130725741386414,1,1.0
454,15.133333333333333,724.0,371.0,0.19730009138584137,0.1967407912015915,1,1.0
455,15.166666666666666,728.0,370.0,0.20197683572769165,0.1938132643699646,1,1.0
456,15.2,727.0,370.0,0.20069395005702972,0.1938095986843109,1,1.0
457,15.233333333333333,731.0,367.0,0.20449097454547882,0.1849483996629715,1,1.0
458,15.266666666666667,736.0,367.0,0.21093204617500305,0.18496720492839813,1,1.0
459,15.3,740.0,368.0,0.21651403605937958,0.18794891238212585,1,1.0
460,15.333333333333334,741.0,344.0,0.2071874588727951,0.11435294151306152,1,1.0
461,15.366666666666667,743.0,322.0,0.19953326880931854,0.042197056114673615,1,1.0
462,15.4,741.0,324.0,0.1977558583021164,0.04894476383924484,1,1.0
463,15.433333333333334,743.0,301.0,0.18902254104614258,-0.03132150322198868,1,1.0
464,15.466666666666667,745.0,286.0,0.1839929074048996,-0.08684858679771423,1,1.0
465,15.5,746.0,271.0,0.17722450196743011,-0.14511537551879883,1,1.0
466,15.533333333333333,748.0,258.0,0.17281033098697662,-0.1979733109474182,1,1.0
467,15.566666666666666,750.0,246.0,0.16880081593990326,-0.24884915351867676,1,1.0
468,15.6,751.0,248.0,0.17154693603515625,-0.2402125895023346,1,1.0
469,15.633333333333333,752.0,238.0,0.16708633303642273,-0.28393521904945374,1,1.0
470,15.666666666666666,752.0,229.0,0.16149577498435974,-0.32461240887641907,1,1.0
471,15.7,754.0,223.0,0.16090711951255798,-0.35243237018585205,1,1.0
472,15.733333333333333,755.0,217.0,0.1586693376302719,-0.3808639943599701,1,1.0
473,15.766666666666667,755.0,215.0,0.15736517310142517,-0.3904820680618286,1,1.0
474,15.8,757.0,214.0,0.16000019013881683,-0.39529290795326233,1,1.0
475,15.833333333333334,759.0,213.0,0.162644624710083,-0.40012097358703613,1,1.0
476,15.866666666666667,760.0,210.0,0.1623496115207672,-0.41477176547050476,1,1.0
477,15.9,,,,,0,0.0
478,15.933333333333334,,,,,0,0.0
479,15.966666666666667,,,,,0,0.0
480,16.0,,,,,0,0.0
481,16.033333333333335,824.0,217.0,0.27168160676956177,-0.36427178978919983,1,1.0
482,16.066666666666666,839.0,223.0,0.29894447326660156,-0.33560284972190857,1,1.0
483,16.1,859.0,226.0,0.33258554339408875,-0.32076290249824524,1,1.0
484,16.133333333333333,874.0,235.0,0.3595915734767914,-0.2799084484577179,1,1.0
485,16.166666666666668,892.0,247.0,0.3911503255367279,-0.22756825387477875,1,1.0
486,16.2,892.0,248.0,0.39139264822006226,-0.22338372468948364,1,1.0
487,16.233333333333334,910.0,259.0,0.42140135169029236,-0.1773969680070877,1,1.0
488,16.266666666666666,932.0,276.0,0.4570103883743286,-0.10992684215307236,1,1.0
489,16.3,951.0,294.0,0.4864374101161957,-0.042691200971603394,1,1.0
490,16.333333333333332,970.0,313.0,0.5142467021942139,0.024158937856554985,1,1.0
491,16.366666666666667,989.0,334.0,0.5404502749443054,0.0935450941324234,1,1.0
492,16.4,989.0,335.0,0.5404446125030518,0.0967155396938324,1,1.0
493,16.433333333333334,1011.0,358.0,0.5688167810440063,0.16768628358840942,1,1.0
494,16.466666666666665,1032.0,382.0,0.5940291881561279,0.23682992160320282,1,1.0
495,16.5,1051.0,410.0,0.6147807836532593,0.3117797076702118,1,1.0
496,16.533333333333335,1075.0,441.0,0.6394343972206116,0.3885124623775482,1,1.0
497,16.566666666666666,1096.0,471.0,0.6590222120285034,0.45714452862739563,1,1.0
498,16.6,1098.0,472.0,0.6610897183418274,0.45935317873954773,1,1.0
499,16.633333333333333,1118.0,505.0,0.6776232123374939,0.5290194749832153,1,1.0
500,16.666666666666668,1142.0,541.0,0.6964728832244873,0.5990757346153259,1,1.0
501,16.7,1162.0,566.0,0.7119823694229126,0.6444426774978638,1,1.0
502,16.733333333333334,1177.0,559.0,0.7282724380493164,0.631972074508667,1,1.0
503,16.766666666666666,1195.0,552.0,0.7477998733520508,0.6193240880966187,1,1.0
504,16.8,1195.0,553.0,0.7475693225860596,0.6211398243904114,1,1.0
505,16.833333333333332,1212.0,547.0,0.7660852670669556,0.6101811528205872,1,1.0
506,16.866666666666667,1228.0,544.0,0.7829921841621399,0.6046530604362488,1,1.0
507,16.9,1246.0,543.0,0.8014251589775085,0.6028043627738953,1,1.0
508,16.933333333333334,1266.0,545.0,0.8209471702575684,0.6064941883087158,1,1.0
509,16.966666666666665,1285.0,552.0,0.8377031087875366,0.6192672252655029,1,1.0
510,17.0,1284.0,553.0,0.8314443826675415,0.6195942163467407,1,1.0
511,17.033333333333335,1303.0,554.0,0.8504221439361572,0.6213116645812988,1,1.0
512,17.066666666666666,1323.0,563.0,0.8672249913215637,0.6377390623092651,1,1.0
513,17.1,1342.0,572.0,0.8827031850814819,0.653854489326477,1,1.0
514,17.133333333333333,1360.0,586.0,0.894830048084259,0.6783909797668457,1,1.0
515,17.166666666666668,1382.0,601.0,0.9100534915924072,0.703859806060791,1,1.0
516,17.2,1382.0,601.0,0.9100534915924072,0.703859806060791,1,1.0
517,17.233333333333334,1402.0,616.0,0.922899067401886,0.7285516262054443,1,1.0
518,17.266666666666666,1423.0,635.0,0.9345595240592957,0.758776068687439,1,1.0
519,17.3,1441.0,655.0,0.9425973892211914,0.789380669593811,1,1.0
520,17.333333333333332,1462.0,679.0,0.9512929916381836,0.8245366215705872,1,1.0
521,17.366666666666667,1452.0,633.0,0.9625794291496277,0.7554506659507751,1,1.0
522,17.4,,,,,0,0.0
523,17.433333333333334,1426.0,574.0,0.9655789732933044,0.6568132638931274,1,1.0
524,17.466666666666665,1409.0,528.0,0.9716302752494812,0.5706449747085571,1,1.0
525,17.5,1393.0,487.0,0.976654052734375,0.48582714796066284,1,1.0
526,17.533333333333335,1379.0,453.0,0.9803714752197266,0.40889430046081543,1,1.0
527,17.566666666666666,1364.0,426.0,0.9789453744888306,0.34301379323005676,1,1.0
528,17.6,,,,,0,0.0
529,17.633333333333333,1354.0,405.0,0.979800283908844,0.2884819507598877,1,1.0
530,17.666666666666668,1342.0,386.0,0.9769177436828613,0.23648302257061005,1,1.0
531,17.7,1333.0,370.0,0.9757871627807617,0.190542533993721,1,1.0
532,17.733333333333334,1322.0,356.0,0.9706742167472839,0.148668110370636,1,1.0
533,17.766666666666666,1315.0,346.0,0.9680312871932983,0.11771097779273987,1,1.0
534,17.8,1316.0,346.0,0.9693561792373657,0.11769775301218033,1,1.0
535,17.833333333333332,1307.0,339.0,0.9619865417480469,0.09554580599069595,1,1.0
536,17.866666666666667,1300.0,334.0,0.9558596611022949,0.079452745616436,1,1.0
537,17.9,1293.0,331.0,0.9483491778373718,0.06972208619117737,1,1.0
538,17.933333333333334,1287.0,328.0,0.942132294178009,0.05989161878824234,1,1.0
539,17.966666666666665,1279.0,327.0,0.9318768382072449,0.05667950585484505,1,1.0
540,18.0,1279.0,328.0,0.9264047145843506,0.08211515843868256,1,1.0
541,18.033333333333335,1275.0,329.0,0.9206876158714294,0.08513025939464569,1,1.0
542,18.066666666666666,1270.0,326.0,0.915819525718689,0.07556531578302383,1,1.0
543,18.1,1267.0,307.0,0.922256588935852,0.013929713517427444,1,1.0
544,18.133333333333333,1262.0,289.0,0.9257323145866394,-0.047716982662677765,1,1.0
545,18.166666666666668,1260.0,273.0,0.9324068427085876,-0.10522221773862839,1,1.0
546,18.2,1259.0,275.0,0.9298083186149597,-0.09793774783611298,1,1.0
547,18.233333333333334,1255.0,256.0,0.9357250928878784,-0.16956943273544312,1,1.0
548,18.266666666666666,1252.0,244.0,0.9389504790306091,-0.21704570949077606,1,1.0
549,18.3,1249.0,234.0,0.9409888982772827,-0.2580340504646301,1,1.0
550,18.333333333333332,1246.0,223.0,0.9437627792358398,-0.30465182662010193,1,1.0
551,18.366666666666667,1244.0,215.0,0.9461226463317871,-0.33961039781570435,1,1.0
552,18.4,1243.0,215.0,0.9445875287055969,-0.3396761119365692,1,1.0
553,18.433333333333334,1242.0,209.0,0.9471588134765625,-0.36647680401802063,1,1.0
554,18.466666666666665,1238.0,205.0,0.9436983466148376,-0.3848775327205658,1,1.0
555,18.5,1235.0,199.0,0.9431501626968384,-0.41274431347846985,1,1.0
556,18.533333333333335,1233.0,199.0,0.9399945735931396,-0.41289058327674866,1,1.0
557,18.566666666666666,1230.0,197.0,0.9366308450698853,-0.4224579334259033,1,1.0
558,18.6,1230.0,198.0,0.9359439611434937,-0.4177761673927307,1,1.0
559,18.633333333333333,1227.0,197.0,0.9318777918815613,-0.42268046736717224,1,1.0
560,18.666666666666668,1225.0,198.0,0.9280340075492859,-0.41814467310905457,1,1.0
561,18.7,1223.0,199.0,0.9242019653320312,-0.41362273693084717,1,1.0
562,18.733333333333334,1220.0,201.0,0.9181490540504456,-0.40454789996147156,1,1.0
563,18.766666666666666,1219.0,205.0,0.9139886498451233,-0.3862147331237793,1,1.0
564,18.8,1219.0,205.0,0.9139886498451233,-0.3862147331237793,1,1.0
565,18.833333333333332,,,,,0,0.0
566,18.866666666666667,1216.0,200.0,0.9124869108200073,-0.4094788134098053,1,1.0
567,18.9,1212.0,189.0,0.9132762551307678,-0.46189701557159424,1,1.0
568,18.933333333333334,1212.0,180.0,0.9192954301834106,-0.5060296654701233,1,1.0
569,18.966666666666665,1210.0,171.0,0.9221856594085693,-0.5517420768737793,1,1.0
570,19.0,1210.0,172.0,0.9297437071800232,-0.6030298471450806,1,1.0
571,19.033333333333335,,,,,0,0.0
572,19.066666666666666,,,,,0,0.0
573,19.1,,,,,0,0.0
574,19.133333333333333,,,,,0,0.0
575,19.166666666666668,,,,,0,0.0
576,19.2,,,,,0,0.0
577,19.233333333333334,,,,,0,0.0
578,19.266666666666666,,,,,0,0.0
579,19.3,,,,,0,0.0
580,19.333333333333332,,,,,0,0.0
581,19.366666666666667,,,,,0,0.0
582,19.4,,,,,0,0.0
583,19.433333333333334,,,,,0,0.0
584,19.466666666666665,879.0,707.0,0.43924185633659363,0.8689184188842773,1,1.0
585,19.5,880.0,703.0,0.43979310989379883,0.8633977174758911,1,1.0
586,19.533333333333335,884.0,705.0,0.44346383213996887,0.8660940527915955,1,1.0
587,19.566666666666666,888.0,716.0,0.44778215885162354,0.8810162544250488,1,1.0
588,19.6,890.0,736.0,0.4509178102016449,0.9074552059173584,1,1.0
589,19.633333333333333,889.0,737.0,0.4501352906227112,0.9087688326835632,1,1.0
590,19.666666666666668,890.0,758.0,0.45239967107772827,0.9354746341705322,1,1.0
591,19.7,890.0,782.0,0.4539509117603302,0.9648062586784363,1,1.0
592,19.733333333333334,892.0,807.0,0.45709848403930664,0.9940416812896729,1,1.0
593,19.766666666666666,891.0,795.0,0.4555723965167999,0.9801679849624634,1,1.0
594,19.8,889.0,775.0,0.4526827037334442,0.9563954472541809,1,1.0
595,19.833333333333332,889.0,775.0,0.4526827037334442,0.9563954472541809,1,1.0
596,19.866666666666667,889.0,757.0,0.4514977037906647,0.9342406988143921,1,1.0
597,19.9,889.0,742.0,0.45048055052757263,0.9152237176895142,1,1.0
598,19.933333333333334,888.0,730.0,0.44878989458084106,0.89964759349823,1,1.0
599,19.966666666666665,,,,,0,0.0
600,20.0,,,,,0,0.0
601,20.033333333333335,,,,,0,0.0
602,20.066666666666666,,,,,0,0.0
603,20.1,895.0,709.0,0.45255371928215027,0.8629835247993469,1,1.0
604,20.133333333333333,898.0,721.0,0.4556897282600403,0.8790989518165588,1,1.0
605,20.166666666666668,899.0,737.0,0.45725980401039124,0.900118887424469,1,1.0
606,20.2,896.0,757.0,0.4556633532047272,0.9256717562675476,1,1.0
607,20.233333333333334,898.0,759.0,0.457397997379303,0.928148090839386,1,1.0
608,20.266666666666666,899.0,778.0,0.4590222239494324,0.9515235424041748,1,1.0
609,20.3,899.0,800.0,0.4599204361438751,0.9777208566665649,1,1.0
610,20.333333333333332,,,,,0,0.0
611,20.366666666666667,,,,,0,0.0
612,20.4,,,,,0,0.0
613,20.433333333333334,,,,,0,0.0
614,20.466666666666665,,,,,0,0.0
615,20.5,,,,,0,0.0
616,20.533333333333335,,,,,0,0.0
617,20.566666666666666,,,,,0,0.0
618,20.6,,,,,0,0.0
619,20.633333333333333,,,,,0,0.0
620,20.666666666666668,,,,,0,0.0
621,20.7,,,,,0,0.0
622,20.733333333333334,,,,,0,0.0
623,20.766666666666666,,,,,0,0.0
624,20.8,,,,,0,0.0
625,20.833333333333332,,,,,0,0.0
626,20.866666666666667,,,,,0,0.0
627,20.9,,,,,0,0.0
628,20.933333333333334,,,,,0,0.0
629,20.966666666666665,,,,,0,0.0
630,21.0,,,,,0,0.0
631,21.033333333333335,,,,,0,0.0
632,21.066666666666666,,,,,0,0.0
633,21.1,,,,,0,0.0
634,21.133333333333333,,,,,0,0.0
635,21.166666666666668,,,,,0,0.0
636,21.2,,,,,0,0.0
637,21.233333333333334,,,,,0,0.0
638,21.266666666666666,,,,,0,0.0
639,21.3,,,,,0,0.0
640,21.333333333333332,,,,,0,0.0
641,21.366666666666667,,,,,0,0.0
642,21.4,,,,,0,0.0
643,21.433333333333334,,,,,0,0.0
644,21.466666666666665,,,,,0,0.0
645,21.5,,,,,0,0.0
646,21.533333333333335,910.0,679.0,0.4642307162284851,0.8209093809127808,1,1.0
647,21.566666666666666,913.0,654.0,0.4658925533294678,0.7842457890510559,1,1.0
648,21.6,914.0,627.0,0.4657079577445984,0.7427765727043152,1,1.0
649,21.633333333333333,914.0,627.0,0.4657079577445984,0.7427765727043152,1,1.0
650,21.666666666666668,910.0,600.0,0.4607848525047302,0.6992364525794983,1,1.0
651,21.7,909.0,576.0,0.45866531133651733,0.6585867404937744,1,1.0
652,21.733333333333334,904.0,550.0,0.45236408710479736,0.6123859286308289,1,1.0
653,21.766666666666666,902.0,531.0,0.4492228925228119,0.5770611763000488,1,1.0
654,21.8,899.0,513.0,0.44499239325523376,0.5423181653022766,1,1.0
655,21.833333333333332,899.0,513.0,0.44499239325523376,0.5423181653022766,1,1.0
656,21.866666666666667,896.0,494.0,0.44052720069885254,0.5042058825492859,1,1.0
657,21.9,893.0,479.0,0.43619728088378906,0.4730183184146881,1,1.0
658,21.933333333333334,890.0,465.0,0.4318104088306427,0.44298651814460754,1,1.0
659,21.966666666666665,889.0,454.0,0.429760605096817,0.418732613325119,1,1.0
660,22.0,887.0,444.0,0.42137381434440613,0.3936013877391815,1,1.0
661,22.033333333333335,886.0,444.0,0.4201984107494354,0.3935964107513428,1,1.0
662,22.066666666666666,882.0,436.0,0.4143044352531433,0.3744235038757324,1,1.0
663,22.1,880.0,427.0,0.4105294644832611,0.35238057374954224,1,1.0
664,22.133333333333333,877.0,422.0,0.4061061143875122,0.33989137411117554,1,1.0
665,22.166666666666668,874.0,421.0,0.40230390429496765,0.33735474944114685,1,1.0
666,22.2,872.0,421.0,0.3998781442642212,0.3373393416404724,1,1.0
667,22.233333333333334,,,,,0,0.0
668,22.266666666666666,868.0,419.0,0.39466598629951477,0.3322591483592987,1,1.0
669,22.3,865.0,422.0,0.3915680944919586,0.3398003578186035,1,1.0
670,22.333333333333332,864.0,425.0,0.3909090459346771,0.34729835391044617,1,1.0
671,22.366666666666667,862.0,432.0,0.3897899389266968,0.36456960439682007,1,1.0
672,22.4,860.0,440.0,0.3888739347457886,0.3839302361011505,1,1.0
673,22.433333333333334,860.0,440.0,0.3888739347457886,0.3839302361011505,1,1.0
674,22.466666666666665,856.0,448.0,0.3856317102909088,0.40288832783699036,1,1.0
675,22.5,854.0,463.0,0.3860546052455902,0.437440425157547,1,1.0
676,22.533333333333335,852.0,474.0,0.385749489068985,0.46196427941322327,1,1.0
677,22.566666666666666,,,,,0,0.0
678,22.6,909.0,451.0,0.4479445219039917,0.41012799739837646,1,1.0
679,22.633333333333333,907.0,452.0,0.445726603269577,0.41244134306907654,1,1.0
680,22.666666666666668,949.0,431.0,0.49343323707580566,0.3626815974712372,1,1.0
681,22.7,980.0,423.0,0.5302335023880005,0.34316250681877136,1,1.0
682,22.733333333333334,1010.0,409.0,0.5667964816093445,0.30791234970092773,1,1.0
683,22.766666666666666,1035.0,400.0,0.5980030298233032,0.2846573293209076,1,1.0
684,22.8,1057.0,397.0,0.6253973245620728,0.2769383490085602,1,1.0
685,22.833333333333332,1057.0,398.0,0.6252679824829102,0.2795943319797516,1,1.0
686,22.866666666666667,1076.0,395.0,0.6490945219993591,0.2718139588832855,1,1.0
687,22.9,1093.0,396.0,0.6698392033576965,0.27466627955436707,1,1.0
688,22.933333333333334,1105.0,398.0,0.6841583251953125,0.2801021337509155,1,1.0
689,22.966666666666665,1119.0,404.0,0.6999063491821289,0.29598474502563477,1,1.0
690,23.0,1129.0,409.0,0.7102345824241638,0.30831024050712585,1,1.0
691,23.033333333333335,1131.0,411.0,0.7121314406394958,0.31347814202308655,1,1.0
692,23.066666666666666,,,,,0,0.0
693,23.1,,,,,0,0.0
694,23.133333333333333,,,,,0,0.0
695,23.166666666666668,,,,,0,0.0
696,23.2,,,,,0,0.0
697,23.233333333333334,,,,,0,0.0
698,23.266666666666666,1185.0,298.0,0.8223734498023987,-0.02742459625005722,1,1.0
699,23.3,1193.0,279.0,0.8432638645172119,-0.09689342230558395,1,1.0
700,23.333333333333332,1198.0,261.0,0.8604172468185425,-0.16681122779846191,1,1.0
701,23.366666666666667,1203.0,249.0,0.8749696016311646,-0.215732142329216,1,1.0
702,23.4,1209.0,235.0,0.8929691314697266,-0.27536246180534363,1,1.0
703,23.433333333333334,1209.0,236.0,0.892320990562439,-0.2709912657737732,1,1.0
704,23.466666666666665,1214.0,225.0,0.907499372959137,-0.3197213113307953,1,1.0
705,23.5,1220.0,214.0,0.9248895645141602,-0.37032490968704224,1,1.0
706,23.533333333333335,1225.0,207.0,0.9382469654083252,-0.4035189151763916,1,1.0
707,23.566666666666666,1230.0,199.0,0.9527470469474792,-0.4425290524959564,1,1.0
708,23.6,1234.0,195.0,0.9626602530479431,-0.4623882472515106,1,1.0
709,23.633333333333333,1232.0,195.0,0.959322988986969,-0.4624912738800049,1,1.0
710,23.666666666666668,1238.0,191.0,0.972719132900238,-0.48253917694091797,1,1.0
711,23.7,1243.0,189.0,0.9828615784645081,-0.49256494641304016,1,1.0
712,23.733333333333334,1246.0,187.0,0.9896935820579529,-0.5027704834938049,1,1.0
713,23.766666666666666,1249.0,189.0,0.9929715394973755,-0.49224287271499634,1,1.0
714,23.8,1252.0,190.0,0.9971222281455994,-0.4869302809238434,1,1.0
715,23.833333333333332,1251.0,189.0,0.9963400959968567,-0.49213555455207825,1,1.0
716,23.866666666666667,1253.0,194.0,0.9952168464660645,-0.4664655923843384,1,1.0
717,23.9,1254.0,197.0,0.9942212700843811,-0.45130643248558044,1,1.0
718,23.933333333333334,,,,,0,0.0
719,23.966666666666665,,,,,0,0.0
720,24.0,,,,,0,0.0
721,24.033333333333335,,,,,0,0.0
722,24.066666666666666,,,,,0,0.0
723,24.1,1175.0,175.0,0.8226404190063477,-0.43124696612358093,1,1.0
724,24.133333333333333,1159.0,174.0,0.7992757558822632,-0.4368079602718353,1,1.0
725,24.166666666666668,1139.0,175.0,0.7690945267677307,-0.43408480286598206,1,1.0
726,24.2,1122.0,176.0,0.7433943152427673,-0.43112534284591675,1,1.0
727,24.233333333333334,1123.0,177.0,0.7445665597915649,-0.4267549216747284,1,1.0
728,24.266666666666666,1105.0,180.0,0.7168670892715454,-0.41534459590911865,1,1.0
729,24.3,1085.0,183.0,0.6863669753074646,-0.4041568338871002,1,1.0
730,24.333333333333332,1065.0,191.0,0.6551051139831543,-0.37219154834747314,1,1.0
731,24.366666666666667,1047.0,199.0,0.6273859143257141,-0.34072211384773254,1,1.0
732,24.4,1027.0,211.0,0.5969213247299194,-0.2942284941673279,1,1.0
733,24.433333333333334,1028.0,211.0,0.5983606576919556,-0.2941623628139496,1,1.0
734,24.466666666666665,1007.0,224.0,0.5673217177391052,-0.24534565210342407,1,1.0
735,24.5,988.0,237.0,0.5400797724723816,-0.19799277186393738,1,1.0
736,24.533333333333335,969.0,253.0,0.5137560367584229,-0.14155857264995575,1,1.0
737,24.566666666666666,948.0,274.0,0.4860234558582306,-0.0706334337592125,1,1.0
738,24.6,930.0,292.0,0.46336519718170166,-0.012685631401836872,1,1.0
739,24.633333333333333,931.0,291.0,0.46459829807281494,-0.015839198604226112,1,1.0
740,24.666666666666668,908.0,317.0,0.43728968501091003,0.06387512385845184,1,1.0
741,24.7,886.0,344.0,0.41296494007110596,0.1417303830385208,1,1.0
742,24.733333333333334,867.0,372.0,0.39383986592292786,0.2176625281572342,1,1.0
743,24.766666666666666,846.0,398.0,0.37320712208747864,0.28398457169532776,1,1.0
744,24.8,824.0,431.0,0.3538624048233032,0.363088458776474,1,1.0
745,24.833333333333332,828.0,432.0,0.35854414105415344,0.36547666788101196,1,1.0
746,24.866666666666667,806.0,464.0,0.3401625454425812,0.436970591545105,1,1.0
747,24.9,784.0,501.0,0.3239450454711914,0.5141187310218811,1,1.0
748,24.933333333333334,764.0,540.0,0.3113013207912445,0.589637279510498,1,1.0
749,24.966666666666665,743.0,583.0,0.2994212210178375,0.6667060852050781,1,1.0
750,25.0,722.0,625.0,0.28183677792549133,0.7475769519805908,1,1.0
751,25.033333333333335,725.0,624.0,0.2844797968864441,0.745980441570282,1,1.0
752,25.066666666666666,,,,,0,0.0
753,25.1,,,,,0,0.0
754,25.133333333333333,,,,,0,0.0
755,25.166666666666668,,,,,0,0.0
756,25.2,,,,,0,0.0
757,25.233333333333334,,,,,0,0.0
758,25.266666666666666,,,,,0,0.0
759,25.3,,,,,0,0.0
760,25.333333333333332,,,,,0,0.0
761,25.366666666666667,,,,,0,0.0
762,25.4,,,,,0,0.0
763,25.433333333333334,,,,,0,0.0
764,25.466666666666665,652.0,585.0,0.2000449150800705,0.6826155781745911,1,1.0
765,25.5,698.0,542.0,0.23266296088695526,0.6050676107406616,1,1.0
766,25.533333333333335,744.0,511.0,0.2723080515861511,0.5443639755249023,1,1.0
767,25.566666666666666,786.0,480.0,0.3102971613407135,0.4792218506336212,1,1.0
768,25.6,819.0,456.0,0.3422447144985199,0.42541199922561646,1,1.0
769,25.633333333333333,,,,,0,0.0
770,25.666666666666668,854.0,432.0,0.37852048873901367,0.3683786988258362,1,1.0
771,25.7,883.0,415.0,0.4107242226600647,0.325907826423645,1,1.0
772,25.733333333333334,907.0,397.0,0.43795767426490784,0.2788178026676178,1,1.0
773,25.766666666666666,934.0,386.0,0.470916748046875,0.2491089105606079,1,1.0
774,25.8,957.0,374.0,0.4996255934238434,0.21562951803207397,1,1.0
775,25.833333333333332,956.0,375.0,0.49837809801101685,0.2184750884771347,1,1.0
776,25.866666666666667,979.0,366.0,0.527946949005127,0.1928350329399109,1,1.0
777,25.9,999.0,360.0,0.5541548728942871,0.17549589276313782,1,1.0
778,25.933333333333334,1018.0,355.0,0.5793702006340027,0.1608913689851761,1,1.0
779,25.966666666666665,1035.0,349.0,0.6023677587509155,0.14300000667572021,1,1.0
780,26.0,1053.0,349.0,0.6257168054580688,0.13940824568271637,1,1.0
781,26.033333333333335,1053.0,347.0,0.6259865164756775,0.1333422064781189,1,1.0
782,26.066666666666666,1068.0,349.0,0.6453765630722046,0.13980711996555328,1,1.0
783,26.1,1082.0,348.0,0.6638854742050171,0.13715603947639465,1,1.0
784,26.133333333333333,1093.0,350.0,0.6778625249862671,0.14348234236240387,1,1.0
785,26.166666666666668,1105.0,352.0,0.6930422186851501,0.149790957570076,1,1.0
786,26.2,1119.0,353.0,0.7109565734863281,0.1531338095664978,1,1.0
787,26.233333333333334,1118.0,354.0,0.7094094753265381,0.15608102083206177,1,1.0
788,26.266666666666666,1127.0,333.0,0.7268453240394592,0.0920950174331665,1,1.0
789,26.3,1137.0,317.0,0.7451319098472595,0.04079633206129074,1,1.0
790,26.333333333333332,1139.0,295.0,0.7551966905593872,-0.034236811101436615,1,1.0
791,26.366666666666667,,,,,0,0.0
792,26.4,1158.0,275.0,0.7898619174957275,-0.10623503476381302,1,1.0
793,26.433333333333334,1157.0,276.0,0.7880058884620667,-0.10253250598907471,1,1.0
794,26.466666666666665,1164.0,266.0,0.8024232983589172,-0.14021708071231842,1,1.0
795,26.5,1170.0,257.0,0.8153457045555115,-0.17517583072185516,1,1.0
796,26.533333333333335,1176.0,249.0,0.8281524181365967,-0.2070695459842682,1,1.0
797,26.566666666666666,1182.0,242.0,0.8407744765281677,-0.23561768233776093,1,1.0
798,26.6,1184.0,248.0,0.8407096862792969,-0.21072934567928314,1,1.0
799,26.633333333333333,1183.0,249.0,0.8386924266815186,-0.20670035481452942,1,1.0
800,26.666666666666668,1185.0,254.0,0.8391537666320801,-0.18638953566551208,1,1.0
801,26.7,1184.0,263.0,0.8331997990608215,-0.15089325606822968,1,1.0
802,26.733333333333334,1186.0,274.0,0.8308116793632507,-0.10874121636152267,1,1.0
803,26.766666666666666,1187.0,287.0,0.826164722442627,-0.06085897982120514,1,1.0
804,26.8,1189.0,301.0,0.8226465582847595,-0.011391003616154194,1,1.0
805,26.833333333333332,1190.0,300.0,0.8244791626930237,-0.014811080880463123,1,1.0
806,26.866666666666667,1191.0,319.0,0.8175686001777649,0.049152031540870667,1,1.0
807,26.9,1195.0,337.0,0.815384030342102,0.106585793197155,1,1.0
808,26.933333333333334,1196.0,357.0,0.8086894154548645,0.1668788343667984,1,1.0
809,26.966666666666665,1199.0,381.0,0.8033615350723267,0.2349296510219574,1,1.0
810,27.0,1202.0,405.0,0.7945980429649353,0.293757826089859,1,1.0
811,27.033333333333335,1202.0,407.0,0.7938805222511292,0.29895567893981934,1,1.0
812,27.066666666666666,1207.0,433.0,0.7906333804130554,0.36419397592544556,1,1.0
813,27.1,1210.0,463.0,0.7840787768363953,0.43424901366233826,1,1.0
814,27.133333333333333,1214.0,493.0,0.7790580987930298,0.4993349611759186,1,1.0
815,27.166666666666668,1220.0,528.0,0.7750016450881958,0.5696576833724976,1,1.0
816,27.2,1226.0,567.0,0.7701729536056519,0.6416897177696228,1,1.0
817,27.233333333333334,1227.0,568.0,0.7708847522735596,0.64345782995224,1,1.0
818,27.266666666666666,1232.0,608.0,0.7652311325073242,0.7110929489135742,1,1.0
819,27.3,1239.0,655.0,0.7601712942123413,0.7836883664131165,1,1.0
820,27.333333333333332,1245.0,699.0,0.755370020866394,0.8457584977149963,1,1.0
821,27.366666666666667,1255.0,751.0,0.7525719404220581,0.9127027988433838,1,1.0
822,27.4,1258.0,766.0,0.7519065141677856,0.9308521747589111,1,1.0
823,27.433333333333334,1258.0,767.0,0.7517014145851135,0.9320461750030518,1,1.0
824,27.466666666666665,1264.0,770.0,0.7559162974357605,0.935572624206543,1,1.0
825,27.5,1271.0,779.0,0.759644627571106,0.9461140036582947,1,1.0
826,27.533333333333335,1276.0,787.0,0.7619400024414062,0.9553505182266235,1,1.0
827,27.566666666666666,1283.0,802.0,0.7643004655838013,0.9723370671272278,1,1.0
828,27.6,1287.0,812.0,0.7653233408927917,0.9834209680557251,1,1.0
829,27.633333333333333,1288.0,814.0,0.7656804919242859,0.9856130480766296,1,1.0
830,27.666666666666668,,,,,0,0.0
831,27.7,,,,,0,0.0
832,27.733333333333334,1159.0,678.0,0.6845300793647766,0.8171249032020569,1,1.0
833,27.766666666666666,1112.0,630.0,0.6489829421043396,0.7461538314819336,1,1.0
834,27.8,1070.0,587.0,0.6140445470809937,0.6761958003044128,1,1.0
835,27.833333333333332,1072.0,589.0,0.6157880425453186,0.679596483707428,1,1.0
836,27.866666666666667,1033.0,554.0,0.5800827741622925,0.6178245544433594,1,1.0
837,27.9,1000.0,524.0,0.5475589632987976,0.5607818365097046,1,1.0
838,27.933333333333334,967.0,500.0,0.5126903653144836,0.5120810270309448,1,1.0
839,27.966666666666665,940.0,482.0,0.4826613962650299,0.47359564900398254,1,1.0
840,28.0,915.0,464.0,0.4553437829017639,0.4385785758495331,1,1.0
841,28.033333333333335,919.0,466.0,0.46009984612464905,0.4430842995643616,1,1.0
842,28.066666666666666,895.0,451.0,0.43079543113708496,0.4087255895137787,1,1.0
843,28.1,872.0,440.0,0.4021374583244324,0.38259124755859375,1,1.0
844,28.133333333333333,859.0,434.0,0.3855876624584198,0.36799120903015137,1,1.0
845,28.166666666666668,857.0,438.0,0.3839551508426666,0.3776687681674957,1,1.0
846,28.2,,,,,0,0.0
847,28.233333333333334,,,,,0,0.0
848,28.266666666666666,,,,,0,0.0
849,28.3,,,,,0,0.0
850,28.333333333333332,,,,,0,0.0
851,28.366666666666667,,,,,0,0.0
852,28.4,,,,,0,0.0
853,28.433333333333334,,,,,0,0.0
854,28.466666666666665,827.0,493.0,0.3602866232395172,0.5014535188674927,1,1.0
855,28.5,825.0,488.0,0.35700827836990356,0.4908599853515625,1,1.0
856,28.533333333333335,823.0,483.0,0.3536892235279083,0.48013490438461304,1,1.0
857,28.566666666666666,821.0,478.0,0.3503287136554718,0.4692758321762085,1,1.0
858,28.6,819.0,472.0,0.3466982841491699,0.4560658931732178,1,1.0
859,28.633333333333333,818.0,474.0,0.34601086378097534,0.4604857861995697,1,1.0
860,28.666666666666668,816.0,470.0,0.34279707074165344,0.4516094923019409,1,1.0
